name,date,image,magnet,size,quality,last-updated,category
The IT Crowd,2006,https://external-content.duckduckgo.com/iu/?u=https%3A%2F%2Ftse3.mm.bing.net%2Fth%2Fid%2FOIP.rRGl7NpZ45PKwDjDilAPeAHaKY%3Fcb%3D12%26pid%3DApi&f=1&ipt=a9976ed3eb50a849a6a12eadff6d8a5cb4c8cd1d20fe6d6aff9a885a54d65814&ipo=images,magnet:?xt=urn:btih:05b9b993ca9ccce9913405597696a7f895cc5684&dn=The%20IT%20Crowd%20%282006%29%20Complete%20%2B%20Extras%20%28Mixed%20x265%20HEVC%2010bit%20AAC%202.0%20Panda%29&tr=udp%3A%2F%2Ftracker.bitsearch.to%3A1337%2Fannounce&tr=udp%3A%2F%2Ftracker.zerobytes.xyz%3A1337%2Fannounce&tr=udp%3A%2F%2Ftracker.0x.tf%3A6969%2Fannounce&tr=udp%3A%2F%2Ftracker2.dler.com%3A80%2Fannounce&tr=udp%3A%2F%2Ftracker.opentrackr.org%3A1337%2Fannounce,8.61GB,576p-x265,2025-10-16,TV
Silicon Valley,2014,https://external-content.duckduckgo.com/iu/?u=https%3A%2F%2Fm.media-amazon.com%2Fimages%2FI%2F81sYbD4xK%2BL._AC_SL1500_.jpg&f=1&nofb=1&ipt=22654b8a7d7eaadaf25a4025767f6ac2f07c406440f2bdeddc249562eba29899,magnet:?xt=urn:btih:3c88f31d82729dbf83a702bd536a376b23db5ec6&dn=Silicon%20Valley%20%282014%29%20Season%201-6%20S01-S06%20%281080p%20Mixed%20x265%20HEVC%2010bit%20EAC3%205.1%20Silence%29&tr=udp%3A%2F%2Ftracker2.dler.com%3A80%2Fannounce&tr=udp%3A%2F%2Ftracker.torrent.eu.org%3A451%2Fannounce&tr=udp%3A%2F%2Fwww.torrent.eu.org%3A451%2Fannounce&tr=udp%3A%2F%2Ftracker.opentrackr.org%3A1337%2Fannounce&tr=udp%3A%2F%2Fpow7.com%3A80%2Fannounce&tr=udp%3A%2F%2Ftracker.bitsearch.to%3A1337%2Fannounce,59.33GB,1080p-x265,2025-10-16,TV
The Big Bang Theory,2007,https://external-content.duckduckgo.com/iu/?u=https%3A%2F%2Ftse2.mm.bing.net%2Fth%2Fid%2FOIP.8ez6TPwPpZEtd__pxuWkOQHaFj%3Fcb%3D12%26pid%3DApi&f=1&ipt=66f29924a98d0f1397fa4d419ce0064f929f5e411ff383641656367386514b39&ipo=images,magnet:?xt=urn:btih:5990e29607c45d2027fb614bc621218b1ae706c6&dn=The.Big.Bang.Theory.2007.COMPLETE.SERIES.720p.AMZN.WEBRip.x264-GalaxyTV%5BTGx%5D&tr=udp%3A%2F%2Ftracker2.dler.com%3A80%2Fannounce&tr=udp%3A%2F%2Ftracker.torrent.eu.org%3A451%2Fannounce&tr=udp%3A%2F%2Fwww.torrent.eu.org%3A451%2Fannounce&tr=udp%3A%2F%2Ftracker.opentrackr.org%3A1337%2Fannounce&tr=udp%3A%2F%2Fpow7.com%3A80%2Fannounce&tr=udp%3A%2F%2Ftracker.bitsearch.to%3A1337%2Fannounce,41.12GB,720p-x264,2025-10-16,TV
Sex Education S01,2019,https://external-content.duckduckgo.com/iu/?u=https%3A%2F%2Fassets.gadgets360cdn.com%2Fpricee%2Fassets%2Fproduct%2F202205%2FSex-Education-Season-4-Poster_1651691067.jpg&f=1&nofb=1&ipt=09137afcfb491db1daa62bed2154d2d4fc4a84e0bc1b47af9d88a8b5d5070fa9,magnet:?xt=urn:btih:a42f13ff3abae7cc747cfd47aa48e102b911b604&dn=Sex.Education.S01.1080p.WEBRip.X264-EniaHD&tr=http%3A%2F%2Fbt3.t-ru.org%2Fann&tr=udp%3A%2F%2Fopen.stealth.si%3A80%2Fannounce&tr=udp%3A%2F%2Ftracker.opentrackr.org%3A1337%2Fannounce&tr=http%3A%2F%2Fbt.eniaTV.com%2Fannounce.php%3Fuk%3DmBoOI2NeSA&tr=udp%3A%2F%2Fp4p.arenabg.com%3A1337%2Fannounce&tr=udp%3A%2F%2Ftracker.torrent.eu.org%3A451%2Fannounce&tr=http%3A%2F%2Fbt02.nnm-club.cc%3A2710%2F1dpDH5fFA0%2Fannounce&tr=udp%3A%2F%2Fopentor.net%3A6969&tr=http%3A%2F%2Ftracker.openbittorrent.com%3A80%2Fannounce&tr=udp%3A%2F%2Fopentracker.i2p.rocks%3A6969%2Fannounce&tr=udp%3A%2F%2Ftracker.internetwarriors.net%3A1337%2Fannounce&tr=udp%3A%2F%2Ftracker.leechers-paradise.org%3A6969%2Fannounce&tr=udp%3A%2F%2Fcoppersurfer.tk%3A6969%2Fannounce&tr=udp%3A%2F%2Ftracker.zer0day.to%3A1337%2Fannounce,30.79GB,1080p-x264,2025-10-16,TV
Mad Men,2007,https://blogger.googleusercontent.com/img/b/R29vZ2xl/AVvXsEgaeMXQwZW3UbDFCmKpzFzEq4gykUq9xzO21gOcWtIROuc2dNnJw1ldyCFVlD-z_3MHKPhmcB6y07901itIX8HSvoeQ2SV-l0llHYBbFYP6cmfilV_DVV1geQrRmYOE2FW-SeWtC3RD02Y/s1600/mad+men+season+3+poster+amc+premiere.jpg,magnet:?xt=urn:btih:c6a6b6f23f201e90f5d788a738d4f7967cc93108&dn=Mad.Men.S01-S07.COMPLETE.1080p.BluRay.x265-PGW&tr=udp%3A%2F%2Ftracker.breizh.pm%3A6969%2Fannounce&tr=udp%3A%2F%2Ftracker.moeking.me%3A6969%2Fannounce&tr=udp%3A%2F%2Ftracker.torrent.eu.org%3A451%2Fannounce&tr=udp%3A%2F%2Fwww.torrent.eu.org%3A451%2Fannounce&tr=udp%3A%2F%2Ftracker.opentrackr.org%3A1337%2Fannounce&tr=udp%3A%2F%2Ftracker.bitsearch.to%3A1337%2Fannounce,27.2GB,1080p-x265,2025-10-16,TV
2 Broke Girls,2011,https://external-content.duckduckgo.com/iu/?u=https%3A%2F%2Fimages4.alphacoders.com%2F675%2F675569.jpg&f=1&nofb=1&ipt=eaeec1845a42856ab8696dffcbb4e8ab4dc112a8c68a49f2bacfab34e59121bf,magnet:?xt=urn:btih:c6a6b6f23f201e90f5d788a738d4f7967cc93108&dn=Mad.Men.S01-S07.COMPLETE.1080p.BluRay.x265-PGW&tr=udp%3A%2F%2Ftracker.breizh.pm%3A6969%2Fannounce&tr=udp%3A%2F%2Ftracker.moeking.me%3A6969%2Fannounce&tr=udp%3A%2F%2Ftracker.torrent.eu.org%3A451%2Fannounce&tr=udp%3A%2F%2Fwww.torrent.eu.org%3A451%2Fannounce&tr=udp%3A%2F%2Ftracker.opentrackr.org%3A1337%2Fannounce&tr=udp%3A%2F%2Ftracker.bitsearch.to%3A1337%2Fannounce,23.14GB,720p-x264,2025-10-16,TV
Rush Rally 3,2022,https://external-content.duckduckgo.com/iu/?u=https%3A%2F%2Ftse2.mm.bing.net%2Fth%2Fid%2FOIP.iLS9LzmZvUp-G21hube4EAHaLH%3Fcb%3D12%26pid%3DApi&f=1&ipt=6b2764541dfd45a8531fb10b7e2ee9b58de932b9d35f1247b71c2ac473e98e08&ipo=images,magnet:?xt=urn:btih:abd6242f4c87855b22d743b704623a8e357c7a60&dn=Rush.Rally.3.rar&tr=udp%3A%2F%2Fopentor.org%3A2710%2Fannounce&tr=udp%3A%2F%2Ftracker.torrent.eu.org%3A451%2Fannounce&tr=udp%3A%2F%2Fexodus.desync.com%3A6969%2Fannounce&tr=udp%3A%2F%2Ftracker.moeking.me%3A6969%2Fannounce&tr=udp%3A%2F%2Ftracker.opentrackr.org%3A1337%2Fannounce&tr=udp%3A%2F%2Fopen.stealth.si%3A80%2Fannounce&tr=udp%3A%2F%2Ftracker.theoks.net%3A6969%2Fannounce&tr=udp%3A%2F%2Fretracker.lanta-net.ru%3A2710%2Fannounce&tr=udp%3A%2F%2Fmovies.zsw.ca%3A6969%2Fannounce&tr=http%3A%2F%2Ftracker.openbittorrent.com%3A80%2Fannounce&tr=udp%3A%2F%2Fopentracker.i2p.rocks%3A6969%2Fannounce&tr=udp%3A%2F%2Ftracker.internetwarriors.net%3A1337%2Fannounce&tr=udp%3A%2F%2Ftracker.leechers-paradise.org%3A6969%2Fannounce&tr=udp%3A%2F%2Fcoppersurfer.tk%3A6969%2Fannounce&tr=udp%3A%2F%2Ftracker.zer0day.to%3A1337%2Fannounce,130.1MB,Nah,2025-10-16,Games
AutoCAD 2026.1 for Windows,2025,https://registrotic.catic.unam.mx/storage/tienda/software/ico-autocad.png,magnet:?xt=urn:btih:ae7296e7a7b07cc94db163da11f55aa5e64fb995&dn=AutoCAD.2026&tr=http%3A%2F%2Fuztracker.net%2Fbt%2Fannounce.php%3Fuk%3DdAQCiK8Euf4qtV3GvOYI&tr=udp%3A%2F%2Ftracker.leechers-paradise.org%3A6969%2Fannounce&tr=udp%3A%2F%2Ftracker.openbittorrent.com%3A1337%2Fannounce&tr=udp%3A%2F%2F%5B2001%3A67c%3A28f8%3A92%3A%3A1111%3A1%5D%3A2710%2Fannounce&tr=udp%3A%2F%2Fipv6.leechers-paradise.org%3A6969%2Fannounce&tr=udp%3A%2F%2Ftracker.coppersurfer.tk%3A6969%2Fannounce&tr=udp%3A%2F%2Ftracker.opentrackr.org%3A1337%2Fannounce&tr=udp%3A%2F%2Fopen.stealth.si%3A80%2Fannounce%2Fannounce&tr=udp%3A%2F%2Ftracker.torrent.eu.org%3A451%2Fannounce&tr=udp%3A%2F%2Ftracker.tiny-vps.com%3A6969%2Fannounce&tr=http%3A%2F%2Ftracker.dler.org%3A6969%2Fannounce&tr=udp%3A%2F%2Fzephir.monocul.us%3A6969%2Fannounce&tr=udp%3A%2F%2Fexodus.desync.com%3A6969%2Fannounce&tr=udp%3A%2F%2F46.148.18.250%3A2710%2Fannounce&tr=udp%3A%2F%2Fopentor.org%3A2710%2Fannounce,3.75GB,Nah,2025-08-16,Software
AutoCAD 2026 for Mac,2025,https://registrotic.catic.unam.mx/storage/tienda/software/ico-autocad.png,magnet:?xt=urn:btih:c50caf38b9172abc58c2653ce17e01390859cbf5&dn=Autodesk%20AutoCAD%202026%20for%20Mac%20Cracked%20-%20%5BCZsofts%5D&tr=udp%3A%2F%2Ftracker.opentrackr.org%3A1337%2Fannounce&tr=udp%3A%2F%2Fexodus.desync.com%3A6969%2Fannounce&tr=udp%3A%2F%2Fp4p.arenabg.com%3A1337%2Fannounce&tr=udp%3A%2F%2Fopen.stealth.si%3A80%2Fannounce&tr=udp%3A%2F%2Ftracker.tiny-vps.com%3A6969%2Fannounce&tr=udp%3A%2F%2Ftracker.torrent.eu.org%3A451%2Fannounce&tr=http%3A%2F%2Ftracker1.itzmx.com%3A8080%2Fannounce&tr=udp%3A%2F%2Fopentracker.i2p.rocks%3A6969%2Fannounce&tr=udp%3A%2F%2Ftracker.internetwarriors.net%3A1337%2Fannounce&tr=udp%3A%2F%2Ftracker.leechers-paradise.org%3A6969%2Fannounce&tr=udp%3A%2F%2Ftracker.coppersurfer.tk%3A6969%2Fannounce,2.58GB,Nah,2025-04-04,Software
Photoshop 2025 27.0 for Windows,2025,https://external-content.duckduckgo.com/iu/?u=https%3A%2F%2Fpixelrocket.com.br%2Fwp-content%2Fuploads%2F2025%2F03%2FPHOTOSHOP-2025.png&f=1&nofb=1&ipt=e31dae1509bc877ac53154c108f64df082cb2db63cace4b0aa340a1b8f055503,magnet:?xt=urn:btih:1627a859a0e3d68f36a386ca13dbdbec72896df4&dn=Photoshop.2026&tr=http%3A%2F%2Fuztracker.net%2Fbt%2Fannounce.php%3Fuk%3Dusz1ZD9MS0GZ3e3G0xeu&tr=udp%3A%2F%2Ftracker.leechers-paradise.org%3A6969%2Fannounce&tr=udp%3A%2F%2Ftracker.openbittorrent.com%3A1337%2Fannounce&tr=udp%3A%2F%2F%5B2001%3A67c%3A28f8%3A92%3A%3A1111%3A1%5D%3A2710%2Fannounce&tr=udp%3A%2F%2Fipv6.leechers-paradise.org%3A6969%2Fannounce&tr=udp%3A%2F%2Ftracker.coppersurfer.tk%3A6969%2Fannounce&tr=udp%3A%2F%2Ftracker.opentrackr.org%3A1337%2Fannounce&tr=udp%3A%2F%2Fopen.stealth.si%3A80%2Fannounce%2Fannounce&tr=udp%3A%2F%2Ftracker.torrent.eu.org%3A451%2Fannounce&tr=udp%3A%2F%2Ftracker.tiny-vps.com%3A6969%2Fannounce&tr=http%3A%2F%2Ftracker.dler.org%3A6969%2Fannounce&tr=udp%3A%2F%2Fzephir.monocul.us%3A6969%2Fannounce&tr=udp%3A%2F%2Fexodus.desync.com%3A6969%2Fannounce&tr=udp%3A%2F%2F46.148.18.250%3A2710%2Fannounce&tr=udp%3A%2F%2Fopentor.org%3A2710%2Fannounce,5.86GB,Nah,2025-11-22,Software
Photoshop 2025 27.0 for Mac,2025,https://external-content.duckduckgo.com/iu/?u=https%3A%2F%2Fpixelrocket.com.br%2Fwp-content%2Fuploads%2F2025%2F03%2FPHOTOSHOP-2025.png&f=1&nofb=1&ipt=e31dae1509bc877ac53154c108f64df082cb2db63cace4b0aa340a1b8f055503,magnet:?xt=urn:btih:d03f34324e60f82ee46cb831b93526d4573d3357&dn=Adobe%20Photoshop%20v27.0.0%20Adobe%20Activation%20Tool.dmg&tr=http%3A%2F%2Fbt02.nnm-club.cc%3A2710%2F00b89bb6c43ee6011c415ffda1372fc9%2Fannounce&tr=http%3A%2F%2Fbt02.nnm-club.info%3A2710%2F00b89bb6c43ee6011c415ffda1372fc9%2Fannounce&tr=http%3A%2F%2Fretracker.local%2Fannounce.php%3Fsize%3D9098361345%26comment%3Dhttp%253A%252F%252Fnnmclub.to%252Fforum%252Fviewtopic.php%253Fp%253D12706863%26name%3DAdobe%2BPhotoshop%2B2025%2B27.0.0%2B%255BMulti%252FRu%255D&tr=http%3A%2F%2Fbt02.ipv6.nnm-club.cc%3A2710%2F00b89bb6c43ee6011c415ffda1372fc9%2Fannounce&tr=http%3A%2F%2Fbt02.ipv6.nnm-club.info%3A2710%2F00b89bb6c43ee6011c415ffda1372fc9%2Fannounce&tr=http%3A%2F%2F%5B2a01%3Ad0%3Aa580%3A1%3A%3A2%5D%3A2710%2F00b89bb6c43ee6011c415ffda1372fc9%2Fannounce,9.1GB,Nah,2025-11-22,Software
The Fast and The Furious [YTS],2001,https://upload.wikimedia.org/wikipedia/en/5/54/Fast_and_the_furious_poster.jpg,magnet:?xt=urn:btih:f6156a11aa8594553a63edcd5ac337d9a667e402&dn=The%20Fast%20and%20the%20Furious%20%282001%29%20%5B1080p%5D&tr=http%3A%2F%2Finferno.demonoid.me%3A3414%2Fannounce&tr=udp%3A%2F%2Ftracker.yify-torrents.com%2Fannounce&tr=udp%3A%2F%2Ftracker.1337x.org%3A80%2Fannounce&tr=udp%3A%2F%2Fexodus.desync.com%3A6969&tr=udp%3A%2F%2Ftracker.openbittorrent.com%3A80%2Fannounce&tr=udp%3A%2F%2Ftracker.openbittorrent.com%3A80%2Fannounce&tr=udp%3A%2F%2Ftracker.publicbt.com%3A80%2Fannounce&tr=udp%3A%2F%2Ftracker.ccc.de%3A80%2Fannounce&tr=http%3A%2F%2Ftracker.yify-torrents.com%2Fannounce,1.4GB,1080p-BRip,2012-07-24,Films
Memento [YTS],2000,https://upload.wikimedia.org/wikipedia/en/c/c7/Memento_poster.jpg,magnet:?xt=urn:btih:ea69e4ca8642766ba3bfa2b0267e2cc53777afb2&dn=Memento%20%282000%29%20%5B1080p%5D&tr=udp%3A%2F%2Ftracker.yify-torrents.com%2Fannounce&tr=udp%3A%2F%2Ftracker.publichd.eu%2Fannounce&tr=http%3A%2F%2Ftracker.publichd.eu%2Fannounce&tr=udp%3A%2F%2Ftracker.police.maori.nz%2Fannounce&tr=udp%3A%2F%2Ftracker.1337x.org%3A80%2Fannounce&tr=udp%3A%2F%2Fexodus.desync.com%3A6969&tr=udp%3A%2F%2Ftracker.istole.it%3A80&tr=udp%3A%2F%2Ftracker.ccc.de%3A80%2Fannounce&tr=http%3A%2F%2Ftracker.yify-torrents.com%2Fannounce&tr=udp%3A%2F%2F9.rarbg.com%3A2710%2Fannounce,1.6GB,1080p-BRip,2012-07-17,Films
Curb Your Enthusiasm,1999,https://external-content.duckduckgo.com/iu/?u=https%3A%2F%2Fm.media-amazon.com%2Fimages%2FI%2F51jppkZHOkL._AC_UY1000_.jpg&f=1&nofb=1&ipt=4fa3f686b19af61cc3900086034a838365c0fd01066e14342cf327a78b6c5df9,magnet:?xt=urn:btih:324da9e8ef793afddd80680e1beacf5f3dbfe1f0&dn=Curb%20Your%20Enthusiasm%20Seasons%201-9%20%281080%20x265%2010bit%29%20Burdock&tr=udp%3A%2F%2Ftracker.bitsearch.to%3A1337%2Fannounce&tr=udp%3A%2F%2Ftracker.opentrackr.org%3A1337%2Fannounce&tr=udp%3A%2F%2Fipv4.tracker.harry.lu%3A80%2Fannounce&tr=udp%3A%2F%2Ftracker.moeking.me%3A6969%2Fannounce&tr=udp%3A%2F%2Ftracker.openbittorrent.com%3A80%2Fannounce,43.85GB,1080p-x265-10bit,2025,TV
The Matrix [YTS],1999,https://upload.wikimedia.org/wikipedia/en/d/db/The_Matrix.png,magnet:?xt=urn:btih:28dec3ac8cc8c5758730a334d98705dd698f7bc1&dn=The%20Matrix%20%281999%29%20%5B2160p%5D%20%5B4K%5D%20%5BBluRay%5D%20%5B5.1%5D%20%5BYTS.MX%5D&tr=udp%3A%2F%2Ftracker.opentrackr.org%3A1337%2Fannounce&tr=udp%3A%2F%2Ftracker.leechers-paradise.org%3A6969%2Fannounce&tr=udp%3A%2F%2F9.rarbg.to%3A2710%2Fannounce&tr=udp%3A%2F%2Fp4p.arenabg.ch%3A1337%2Fannounce&tr=udp%3A%2F%2Ftracker.cyberia.is%3A6969%2Fannounce&tr=http%3A%2F%2Fp4p.arenabg.com%3A1337%2Fannounce&tr=udp%3A%2F%2Ftracker.internetwarriors.net%3A1337%2Fannounce,6.49GB,4K-BRip-5.1,2022-01-17,Films
Ford V Ferrari [YTS],2019,https://upload.wikimedia.org/wikipedia/en/a/a4/Ford_v._Ferrari_%282019_film_poster%29.png,magnet:?xt=urn:btih:565e993f13b210aa00a6a0726df385ff24f49157&dn=Ford%20V%20Ferrari%20%282019%29%20%5B2160p%5D%20%5B4K%5D%20%5BBluRay%5D%20%5B5.1%5D%20%5BYTS.MX%5D&tr=udp%3A%2F%2Ftracker.coppersurfer.tk%3A6969%2Fannounce&tr=udp%3A%2F%2F9.rarbg.com%3A2710%2Fannounce&tr=udp%3A%2F%2Fp4p.arenabg.com%3A1337&tr=udp%3A%2F%2Ftracker.internetwarriors.net%3A1337&tr=udp%3A%2F%2Ftracker.opentrackr.org%3A1337%2Fannounce,8.75GB,4K-BRip-5.1,2020-02-06,Films
Terminator 2 Judgment Day [YTS],1991,https://upload.wikimedia.org/wikipedia/en/5/5e/Terminator_2-Judgment_Day.png,magnet:?xt=urn:btih:ca6f68ed06bc7b3258d06c384746f0280056e249&dn=Terminator%202%20Judgment%20Day%20%281991%29%20%5BTHEATRICAL%5D%20%5B2160p%5D%20%5B4K%5D%20%5BBluRay%5D%20%5B5.1%5D%20%5BYTS.MX%5D&tr=udp%3A%2F%2Ftracker.opentrackr.org%3A1337%2Fannounce&tr=udp%3A%2F%2Ftracker.leechers-paradise.org%3A6969%2Fannounce&tr=udp%3A%2F%2F9.rarbg.to%3A2710%2Fannounce&tr=udp%3A%2F%2Fp4p.arenabg.ch%3A1337%2Fannounce&tr=udp%3A%2F%2Ftracker.cyberia.is%3A6969%2Fannounce&tr=http%3A%2F%2Fp4p.arenabg.com%3A1337%2Fannounce&tr=udp%3A%2F%2Fopen.tracker.cl%3A1337%2Fannounce,6.19GB,4K-BRip-5.1,2022-03-17,Films
Peacemaker Season 1,2021,https://static0.cbrimages.com/wordpress/wp-content/uploads/sharedimages/2025/05/peacemaker-season-2-poster-2.jpg?q=49&fit=contain&w=480&dpr=2,magnet:?xt=urn:btih:7e940fc5b361e03f82dca5c062ee64c3f12d37c2&dn=Peacemaker%20%282021%29%20Season%201%20S01%20%281080p%20HMAX%20WEB-DL%20x265%20HEVC%2010bit%20AC3%205.1%20Silence%29&tr=udp%3A%2F%2Ftracker2.dler.com%3A80%2Fannounce&tr=udp%3A%2F%2Ftracker.torrent.eu.org%3A451%2Fannounce&tr=udp%3A%2F%2Fwww.torrent.eu.org%3A451%2Fannounce&tr=udp%3A%2F%2Ftracker.opentrackr.org%3A1337%2Fannounce&tr=udp%3A%2F%2Fpow7.com%3A80%2Fannounce&tr=udp%3A%2F%2Ftracker.bitsearch.to%3A1337%2Fannounce,10.64GB,1080p-x265-5.1,2025,TV
The Lego Batman Movie [YTS],2017,https://upload.wikimedia.org/wikipedia/en/6/61/The_Lego_Batman_Movie_PromotionalPoster.jpg,magnet:?xt=urn:btih:a7c72004673afb781831de1d61abfee8f5002240&dn=The%20Lego%20Batman%20Movie%20%282017%29%20%5B2160p%5D%20%5B4K%5D%20%5BBluRay%5D%20%5B5.1%5D%20%5BYTS.MX%5D&tr=udp%3A%2F%2Ftracker.opentrackr.org%3A1337%2Fannounce&tr=udp%3A%2F%2Fp4p.arenabg.com%3A1337%2Fannounce&tr=udp%3A%2F%2Ftracker.torrent.eu.org%3A451%2Fannounce&tr=udp%3A%2F%2Ftracker.dler.org%3A6969%2Fannounce&tr=udp%3A%2F%2Fopen.stealth.si%3A80%2Fannounce&tr=udp%3A%2F%2Fipv4.tracker.harry.lu%3A80%2Fannounce&tr=https%3A%2F%2Fopentracker.i2p.rocks%3A443%2Fannounce,4.93GB,4K-BRip-5.1,2024-01-03,Films
Saw [YTS],2004,https://upload.wikimedia.org/wikipedia/en/5/56/Saw_official_poster.jpg,magnet:?xt=urn:btih:a7c72004673afb781831de1d61abfee8f5002240&dn=The%20Lego%20Batman%20Movie%20%282017%29%20%5B2160p%5D%20%5B4K%5D%20%5BBluRay%5D%20%5B5.1%5D%20%5BYTS.MX%5D&tr=udp%3A%2F%2Ftracker.opentrackr.org%3A1337%2Fannounce&tr=udp%3A%2F%2Fp4p.arenabg.com%3A1337%2Fannounce&tr=udp%3A%2F%2Ftracker.torrent.eu.org%3A451%2Fannounce&tr=udp%3A%2F%2Ftracker.dler.org%3A6969%2Fannounce&tr=udp%3A%2F%2Fopen.stealth.si%3A80%2Fannounce&tr=udp%3A%2F%2Fipv4.tracker.harry.lu%3A80%2Fannounce&tr=https%3A%2F%2Fopentracker.i2p.rocks%3A443%2Fannounce,4.93GB,4K-BRip-5.1,2021-05-23,Films
Rhinoceros For Mac 8.11 .24254.15002,1998,https://www.3dindustrialdesign.com/app/wp-content/uploads/2024/04/software-rhinoceros-3d-scanner-industrial-design-k.jpg,magnet:?xt=urn:btih:8464b5bf365f7d9eb88a0808504e5b50ca97324f&dn=Rhino%208%208.11.24254.15002&tr=http%3A%2F%2Fbt4.t-ru.org%2Fann&tr=http%3A%2F%2Fretracker.local%2Fannounce,732.2MB,Nah,2024-10-02,Software
Rhinoceros 18.16 .25042.13001,1998,https://www.3dindustrialdesign.com/app/wp-content/uploads/2024/04/software-rhinoceros-3d-scanner-industrial-design-k.jpg,magnet:?xt=urn:btih:31a35e9f58b8303e4cf03946208ce1ebcf39e6d7&dn=Rhinoceros%208.16.25042.13001%20%20%28x64%29&tr=http%3A%2F%2Fbt2.t-ru.org%2Fann&tr=http%3A%2F%2Fretracker.local%2Fannounce,692.3MB,Nah,2025-04-13,Software
SolidWorks Premium 2026 SP0,1995,https://blog-assets.solidworks.com/uploads/sites/2/2025/02/30yr-cube2-1.png,magnet:?xt=urn:btih:7330ff94737e14ac66697478ec39d439f10d5b18&dn=SolidWorks.2026.SP0.Premium-SSQ&tr=http%3A%2F%2Fbt3.t-ru.org%2Fann&tr=http%3A%2F%2Fretracker.local%2Fannounce,17.57GB,Nah,2025-11-22,Software
The Outer Worlds 2,2025,https://upload.wikimedia.org/wikipedia/en/d/d9/The_Outer_Worlds_2_cover_art.png,magnet:?xt=urn:btih:9E1C168FA3A1486175F0D5DA34419280E2F33713&dn=The+Outer+Worlds+2-TENOKE&tr=udp%3A%2F%2Ftracker.theoks.net%3A6969%2Fannounce&tr=http%3A%2F%2Ftracker.bt4g.com%3A2095%2Fannounce&tr=http%3A%2F%2Ftracker1.itzmx.com%3A8080%2Fannounce&tr=http%3A%2F%2Ftracker.opentrackr.org%3A1337%2Fannounce&tr=udp%3A%2F%2Ftracker.opentrackr.org%3A1337%2Fannounce&tr=udp%3A%2F%2Ftracker.torrent.eu.org%3A451%2Fannounce&tr=udp%3A%2F%2Fopen.stealth.si%3A80%2Fannounce&tr=udp%3A%2F%2Ftracker.filemail.com%3A6969%2Fannounce&tr=http%3A%2F%2Ftracker.renfei.net%3A8080%2Fannounce&tr=udp%3A%2F%2Fbittorrent-tracker.e-n-c-r-y-p-t.net%3A1337%2Fannounce&tr=http%3A%2F%2Fbittorrent-tracker.e-n-c-r-y-p-t.net%3A1337%2Fannounce&tr=udp%3A%2F%2Fopentracker.io%3A6969%2Fannounce&tr=http%3A%2F%2Ftracker.qu.ax%3A6969%2Fannounce&tr=http%3A%2F%2Ftracker.ipv6tracker.org%3A80%2Fannounce&tr=udp%3A%2F%2Ftracker.opentrackr.org%3A1337%2Fannounce&tr=http%3A%2F%2Ftracker.openbittorrent.com%3A80%2Fannounce&tr=udp%3A%2F%2Fopentracker.i2p.rocks%3A6969%2Fannounce&tr=udp%3A%2F%2Ftracker.internetwarriors.net%3A1337%2Fannounce&tr=udp%3A%2F%2Ftracker.leechers-paradise.org%3A6969%2Fannounce&tr=udp%3A%2F%2Fcoppersurfer.tk%3A6969%2Fannounce&tr=udp%3A%2F%2Ftracker.zer0day.to%3A1337%2Fannounce,84.3GB,Nah,2025-10-25,Games
LightBurn 1.4.01,2022,https://m.media-amazon.com/images/I/61-Eng3Nv1L._AC_SL1500_.jpg,magnet:?xt=urn:btih:0e75c1c47d457917bf35aa30f39b3731165afcb1&dn=LightBurn.v1.2.01.x86.exe&tr=http%3A%2F%2Fbt3.t-ru.org%2Fann&tr=http%3A%2F%2Fretracker.local%2Fannounce,64MB,Nah,2022,Software
Ableton Live Suite For Mac 12.2.5,2025,https://mixmasterworld.com/wp-content/uploads/2024/03/ABLETON-LIVE-SUITE-12-2024-software-musica.webp,magnet:?xt=urn:btih:aa0d9b963c6acf539669eab0fce2462ba159c1f3&dn=Ableton_Live_12_Suite_12.2.5_U2B_%5BHCiSO%5D.dmg&tr=http%3A%2F%2Fbt4.t-ru.org%2Fann&tr=http%3A%2F%2Fretracker.local%2Fannounce,3.18GB,Nah,2025-09-02,Software
Ableton Live Suite 12.2.5,2025,https://mixmasterworld.com/wp-content/uploads/2024/03/ABLETON-LIVE-SUITE-12-2024-software-musica.webp,magnet:?xt=urn:btih:5826c54e0fa6cd7e8e2ca1d04f83b1dd14267bf9&dn=Ableton%2012.2.5&tr=http%3A%2F%2Fbt2.t-ru.org%2Fann&tr=http%3A%2F%2Fretracker.local%2Fannounce,4.74GB,Nah,2025-08-27,Software
Microsoft Office LTSC 2024,2024,https://www.seekpng.com/png/detail/134-1348861_microsoft-office-logo.png,magnet:?xt=urn:btih:606585e160996b90d48cc9fc013a39d7c46ed615&dn=Microsoft%20Office%20LTSC%202024%20Professional%20Plus%20%20Standard%20%2B%20Visio%20%2B%20Project%2016.0.17932.20130%20%282024.10%29.iso&tr=http%3A%2F%2Fbt02.nnm-club.cc%3A2710%2F00b89bb6e757ac3f981b1abc660a563b%2Fannounce&tr=http%3A%2F%2Fbt02.nnm-club.info%3A2710%2F00b89bb6e757ac3f981b1abc660a563b%2Fannounce&tr=http%3A%2F%2Fretracker.local%2Fannounce.php%3Fsize%3D3496738816%26comment%3Dhttp%253A%252F%252Fnnmclub.to%252Fforum%252Fviewtopic.php%253Fp%253D12506792%26name%3DMicrosoft%2BOffice%2BLTSC%2B2024%2BProfessional%2BPlus%2B%252F%2BStandard%2B%252B%2BVisio%2B%252B%2BProject%2B16.0.17932.20130%2B%25282024.10%2529%2B%2528W10%2B%252F%2B11%2529%2BRePack%2Bby%2BKpoJIuK%2B%255BMulti%252FRu%255D&tr=http%3A%2F%2F%5B2a01%3Ad0%3Aa580%3A1%3A%3A2%5D%3A2710%2F00b89bb6e757ac3f981b1abc660a563b%2Fannounce,3.5GB,Nah,2024,Software
Microsoft Office LTSC For Mac 2024,2024,https://www.seekpng.com/png/detail/134-1348861_microsoft-office-logo.png,magnet:?xt=urn:btih:0764121844ffc9305dbfc830c640a685dae968ae&dn=Microsoft%20Office%20LTSC%20Standard%20for%20Mac%202024%20v16.100.dmg&tr=http%3A%2F%2Fbt3.t-ru.org%2Fann&tr=http%3A%2F%2Fretracker.local%2Fannounce,2.95GB,Nah,2024,Software
Microsoft Office for Mac 2021 LTSC,2021,https://www.seekpng.com/png/detail/134-1348861_microsoft-office-logo.png,magnet:?xt=urn:btih:f44f6f2d92172fa89a51d43ffc64a555b216cac0&dn=Microsoft%20Office%202021%20LTSC%2016.88&tr=http%3A%2F%2Fbt4.t-ru.org%2Fann&tr=http%3A%2F%2Fretracker.local%2Fannounce,2.57GB,Nah,2021,Software
Firefly AI Support for Adobe Photoshop 25.0.0.2265,2023,https://dataconomy.com/wp-content/uploads/2023/03/How-to-use-Adobe-Firefly-AI-Features-waitlist-and-more-13.jpg.jpg,magnet:?xt=urn:btih:23d1396ef62008180e79e777b12b4b581fd4abfa&dn=Firefly.AI&tr=udp%3A%2F%2Ftracker.leechers-paradise.org%3A6969&tr=http%3A%2F%2Fbt.uniondht.org%3A777%2F00048714b142053326020e2d4882d9a1%2Fannounce&tr=udp%3A%2F%2Ftracker.coppersurfer.tk%3A6969&tr=http%3A%2F%2Fretracker.local%2Fannounce&tr=udp%3A%2F%2Fshubt.net%3A2710&tr=udp%3A%2F%2Fexplodie.org%3A6969&tr=udp%3A%2F%2Ftracker.zer0day.to%3A1337&tr=udp%3A%2F%2Ftracker.opentrackr.org%3A1337&tr=http%3A%2F%2Fp4p.arenabg.ch%3A1337%2Fannounce&tr=udp%3A%2F%2Ftracker.kuroy.me%3A5944&tr=udp%3A%2F%2Fopen.stealth.si%3A80,48.5MB,Nah,2024,Software
Bully Scholarship Edition,2006,https://static0.gamerantimages.com/wordpress/wp-content/uploads/2024/12/mixcollage-25-dec-2024-11-57-pm-5788.jpg,magnet:?xt=urn:btih:75f4810596122882c82550ed5550b3ee165c3051&dn=Bully%20Scholarship%20Edition%20-%20%5BDODI%20Repack%5D&tr=udp%3A%2F%2F9.rarbg.me%3A2720%2Fannounce&tr=udp%3A%2F%2F9.rarbg.to%3A2800%2Fannounce&tr=udp%3A%2F%2Ftracker.opentrackr.org%3A1337%2Fannounce&tr=udp%3A%2F%2Ftracker.leechers-paradise.org%3A6969%2Fannounce&tr=udp%3A%2F%2Ftracker.internetwarriors.net%3A1337%2Fannounce,6GB,Nah,2023,Games
The Punisher [YTS],1989,https://img.yts.mx/assets/images/movies/the_punisher_1989/medium-cover.jpg,magnet:?xt=urn:btih:783df17fed2bc84cac9d3c6ea4e753221962b6ce&dn=The%20Punisher%20%281989%29%20%5B1080p%5D%20%5BBluRay%5D%20%5B5.1%5D%20%5BYTS.MX%5D&tr=udp%3A%2F%2Ftracker.coppersurfer.tk%3A6969%2Fannounce&tr=udp%3A%2F%2F9.rarbg.com%3A2710%2Fannounce&tr=udp%3A%2F%2Fp4p.arenabg.com%3A1337&tr=udp%3A%2F%2Ftracker.internetwarriors.net%3A1337&tr=udp%3A%2F%2Ftracker.opentrackr.org%3A1337%2Fannounce,1.64GB,1080P-Brip-5.1,2020,Films